{"cameraMode":{"drawMode":0,"name":"Shaded","section":"Shading Mode"},"sceneLighting":true,"audioPlay":false,"sceneViewState":{"showFog":true,"showMaterialUpdate":false,"showSkybox":true,"showFlares":true,"showImageEffects":true,"showParticleSystems":true},"in2DMode":false,"pivot":{"x":-0.09075221419334412,"y":3.725811719894409,"z":5.924932479858398},"rotation":{"x":0.021457020193338395,"y":0.9453720450401306,"z":-0.06363989412784577,"w":0.31906935572624209},"size":4.365886688232422,"orthographic":false}