{"cameraMode":{"drawMode":0,"name":"Shaded","section":"Shading Mode"},"sceneLighting":true,"audioPlay":false,"sceneViewState":{"showFog":true,"showMaterialUpdate":false,"showSkybox":true,"showFlares":true,"showImageEffects":true,"showParticleSystems":true},"in2DMode":false,"pivot":{"x":-1.9949934482574463,"y":4.407393932342529,"z":4.904606819152832},"rotation":{"x":-0.00008653873373987153,"y":0.9995636343955994,"z":0.03028721548616886,"w":0.0014980984851717949},"size":7.075475692749023,"orthographic":false}